{"cameraMode":{"drawMode":0,"name":"Shaded","section":"Shading Mode"},"sceneLighting":true,"audioPlay":false,"sceneViewState":{"m_AlwaysRefresh":false,"showFog":true,"showSkybox":true,"showFlares":true,"showImageEffects":true,"showParticleSystems":true,"showVisualEffectGraphs":true,"m_FxEnabled":true},"in2DMode":false,"pivot":{"x":-1.4999991655349732,"y":1.2592440843582154,"z":-4.017589092254639},"rotation":{"x":-0.023448333144187928,"y":0.633331298828125,"z":-0.01919747143983841,"w":-0.7733631730079651},"size":2.6152877807617189,"orthographic":false}