{"cameraMode":{"drawMode":0,"name":"Shaded","section":"Shading Mode"},"sceneLighting":false,"audioPlay":false,"sceneViewState":{"m_AlwaysRefresh":false,"showFog":true,"showSkybox":false,"showFlares":true,"showImageEffects":true,"showParticleSystems":true,"showVisualEffectGraphs":true,"m_FxEnabled":true},"in2DMode":false,"pivot":{"x":3.3316571712493898,"y":2.220841646194458,"z":-13.69648265838623},"rotation":{"x":0.004507587756961584,"y":-0.9926559925079346,"z":0.03904016315937042,"w":0.11482152342796326},"size":2.5037429332733156,"orthographic":false}